,names
0,00bffd24-1f0b-586b-b353-4cea5ceaff1b
1,0c0ad75e-7c00-5393-8f79-03a1d11aadd0
2,133aaad0-7a96-5385-a436-42443c49a582
3,18001461-0c52-5caf-a1bf-dfe5284fa5cc
4,1af6b926-ad76-5af7-91a1-aac1f3fa6e31
5,1ec2e56f-4943-55cf-a2ce-27451edffd5f
6,1f226e09-3f9e-52e4-984c-c0749b9654d0
7,1f90f958-9825-5990-b41b-ea9e520a5337
8,206306f6-29c3-47f4-b9bc-1d0441c33289
9,206c710a-d76d-59f1-a51b-c8254ea6f344
10,24777e9b-5af7-5d0e-aa2f-96940f744836
11,26eb4fa3-029b-5d5c-a084-4862a3962ff5
12,28e290c3-89fd-47ca-b3c1-7a24eb52f7ac
13,2af8dd36-5065-571f-aa75-038c7496942e
14,2bbb4b68-109c-522d-8d7e-36b727c38d23
15,2df2ccd2-a52f-552c-923a-c4d4412f5fbe
16,3208c09f-88b3-470a-b8c9-ac2f18b028b3
17,41eefd84-3e15-5506-a490-4681b0b4319c
18,42a61309-f804-54b7-b961-89ce02f23da8
19,44e27cc3-a4dd-5f5c-9aff-324e75c14cec
20,46928fb1-083e-520d-b3a5-57b9e1b5e1a2
21,4c0430fb-0264-56fd-9e43-d58b7a80ea2b
22,4c1708a3-5c54-5e44-b996-f7c3ee807e43
23,4c2990f8-5a14-5ea7-934b-fb34b2e97538
24,5469522e-89a9-5707-99ef-e249c70d3199
25,558c875c-a40d-5ea9-83b8-b3bf5972ed59
26,5a5688a4-34bf-5967-8a14-53859dd00942
27,5a901e0d-adfa-54fa-89f0-e75acba8d2b7
28,5b9ac2bf-ad64-5aee-8109-63739f829e5f
29,5c8ce59c-3895-53ff-a960-734ebadbda3e
30,5c9da640-e95f-5fe6-b295-f6e259f368c3
31,5d9e2e3a-1a92-56de-b91e-17baeb8a17e9
32,5fdaa414-c47b-5eea-a9b3-71a5c720dd47
33,647aa852-0fcb-59c6-af68-0cb25c832fc7
34,66c64bf1-1781-540c-b43d-33f6cead3c04
35,677b2e87-413f-4e5e-8e2f-e4c02651c84e
36,75e14c02-8600-573d-a1ba-b74a2048b3e0
37,78aed709-a375-4895-bb31-5909fca0f81b
38,8ceaaff9-5406-5420-bf57-436f189a96ed
39,985f8460-2e08-5054-bd81-126d544cabd4
40,9b348edf-b40c-4795-9993-c6ee90bcc494
41,a36eca53-fc6a-5cd6-b252-7c999524d83b
42,a4e869e3-3c26-5a40-a357-9398f90c44cf
43,a4ee59d7-b7f9-4f2a-a341-378f2e915bfc
44,a5b46438-50df-5121-95a9-85f8906fca1a
45,aa469afb-1756-5338-8b69-77893cedec8a
46,ae93a919-6781-5f5a-9241-9252d479fc21
47,af895424-9a66-4695-bfa4-7cfaa8eac64f
48,b86df1b0-a516-44ed-9749-3cf83637af2f
49,c1f67271-ddbc-54ac-8f99-285288a18982
50,c990537f-0eef-542d-859f-2a09fcd08c4a
51,cc330331-31cc-45f7-9be6-eb8159dc051d
52,d05e6120-1fda-598e-b738-d2f059285a7e
53,d1789ded-cc22-5d69-acf9-1f7d02d6a8f3
54,d1cfd46e-8738-5672-b258-cb14a77de26e
55,d1f9f04a-7c0d-5b55-b57b-921fec720516
56,d1fbbe1c-6d3c-5511-866e-3efe95c8147e
57,d364be8b-cbee-56b1-8732-28b85f7dea4c
58,d4da0a9c-c97c-56e5-a38a-7f250438214e
59,e426bb2f-4ca6-51e3-8075-fd30ae23408b
60,e6b10eef-6b87-4ce4-8186-c356b75e7fec
61,f5f898a1-4712-52b5-b624-babd6d32ca72
62,f6433461-bbf7-5ac0-bc66-9ce557d6b082
63,fc78a31b-c8d7-4178-8b37-20e0c91db469
64,ffabbb9c-3d4c-543e-b6e6-80fadf3dea29
